Date, Latitude, Longitude, RCP 2.6 Range (low), RCP 2.6 Median, RCP 2.6 Range (high), RCP 4.5 Range (low), RCP 4.5 Median, RCP 4.5 Range (high), RCP 8.5 Range (low), RCP 8.5 Median, RCP 8.5 Range (high)
1950-01-01,45.43639626471026,-73.4434154352731,5.38,6.42,7.42,5.38,6.42,7.42,5.38,6.42,7.42,
1951-01-01,45.43639626471026,-73.4434154352731,6.01,6.46,7.58,6.01,6.46,7.58,6.01,6.46,7.58,
1952-01-01,45.43639626471026,-73.4434154352731,5.67,6.41,7.59,5.67,6.41,7.59,5.67,6.41,7.59,
1953-01-01,45.43639626471026,-73.4434154352731,5.59,6.17,7.43,5.59,6.17,7.43,5.59,6.20,7.43,
1954-01-01,45.43639626471026,-73.4434154352731,5.82,6.33,7.63,5.82,6.33,7.63,5.82,6.33,7.63,
1955-01-01,45.43639626471026,-73.4434154352731,5.69,6.58,7.30,5.69,6.58,7.30,5.69,6.58,7.30,
1956-01-01,45.43639626471026,-73.4434154352731,5.79,6.25,7.53,5.79,6.25,7.53,5.79,6.31,7.53,
1957-01-01,45.43639626471026,-73.4434154352731,5.13,6.66,7.32,5.13,6.66,7.32,5.20,6.66,7.32,
1958-01-01,45.43639626471026,-73.4434154352731,5.11,6.19,7.20,5.11,6.19,7.20,5.11,6.19,7.20,
1959-01-01,45.43639626471026,-73.4434154352731,5.29,6.29,7.12,5.29,6.29,7.12,5.36,6.29,7.12,
1960-01-01,45.43639626471026,-73.4434154352731,5.59,6.83,7.61,5.59,6.83,7.61,5.59,6.83,7.61,
1961-01-01,45.43639626471026,-73.4434154352731,5.66,6.33,7.28,5.66,6.33,7.28,5.66,6.38,7.28,
1962-01-01,45.43639626471026,-73.4434154352731,5.64,6.29,6.96,5.64,6.29,6.96,5.73,6.29,6.96,
1963-01-01,45.43639626471026,-73.4434154352731,5.05,6.32,7.21,5.05,6.32,7.21,5.05,6.32,7.21,
1964-01-01,45.43639626471026,-73.4434154352731,4.86,5.94,6.77,4.86,5.94,6.77,4.86,5.94,6.85,
1965-01-01,45.43639626471026,-73.4434154352731,4.94,5.91,6.68,4.94,5.91,6.68,4.94,5.91,6.68,
1966-01-01,45.43639626471026,-73.4434154352731,5.09,6.19,7.09,5.09,6.19,7.09,5.09,6.19,7.09,
1967-01-01,45.43639626471026,-73.4434154352731,5.52,6.20,7.39,5.52,6.20,7.39,5.52,6.20,7.39,
1968-01-01,45.43639626471026,-73.4434154352731,5.33,6.33,6.92,5.33,6.33,6.92,5.33,6.33,6.92,
1969-01-01,45.43639626471026,-73.4434154352731,4.98,6.04,7.07,4.98,6.04,7.07,4.98,6.04,7.07,
1970-01-01,45.43639626471026,-73.4434154352731,5.51,6.24,7.20,5.51,6.24,7.20,5.51,6.24,7.20,
1971-01-01,45.43639626471026,-73.4434154352731,5.35,6.21,7.38,5.35,6.21,7.38,5.35,6.21,7.38,
1972-01-01,45.43639626471026,-73.4434154352731,5.92,6.65,7.32,5.92,6.65,7.32,5.92,6.65,7.32,
1973-01-01,45.43639626471026,-73.4434154352731,5.84,6.50,6.96,5.84,6.50,6.96,5.84,6.50,6.96,
1974-01-01,45.43639626471026,-73.4434154352731,5.06,6.19,7.08,5.06,6.19,7.08,5.14,6.19,7.08,
1975-01-01,45.43639626471026,-73.4434154352731,5.38,6.24,7.41,5.38,6.24,7.41,5.38,6.24,7.41,
1976-01-01,45.43639626471026,-73.4434154352731,5.13,6.35,7.58,5.13,6.35,7.58,5.13,6.35,7.58,
1977-01-01,45.43639626471026,-73.4434154352731,5.29,6.20,7.29,5.29,6.20,7.29,5.29,6.20,7.29,
1978-01-01,45.43639626471026,-73.4434154352731,5.66,6.48,7.31,5.66,6.48,7.31,5.74,6.48,7.31,
1979-01-01,45.43639626471026,-73.4434154352731,5.89,6.61,7.69,5.89,6.61,7.69,5.89,6.61,7.69,
1980-01-01,45.43639626471026,-73.4434154352731,5.53,6.60,7.68,5.53,6.60,7.68,5.52,6.60,7.68,
1981-01-01,45.43639626471026,-73.4434154352731,5.82,7.01,7.87,5.81,7.01,7.86,5.84,7.01,7.87,
1982-01-01,45.43639626471026,-73.4434154352731,5.95,6.84,7.77,5.95,6.84,7.77,5.95,6.84,7.78,
1983-01-01,45.43639626471026,-73.4434154352731,5.43,6.21,6.97,5.43,6.21,6.97,5.43,6.21,6.97,
1984-01-01,45.43639626471026,-73.4434154352731,5.63,6.45,7.21,5.64,6.45,7.22,5.62,6.45,7.21,
1985-01-01,45.43639626471026,-73.4434154352731,5.80,6.60,7.23,5.81,6.60,7.22,5.82,6.60,7.22,
1986-01-01,45.43639626471026,-73.4434154352731,5.68,6.72,7.67,5.69,6.70,7.67,5.69,6.72,7.67,
1987-01-01,45.43639626471026,-73.4434154352731,5.92,6.84,7.67,5.93,6.84,7.67,5.92,6.83,7.67,
1988-01-01,45.43639626471026,-73.4434154352731,5.55,6.82,7.52,5.56,6.82,7.51,5.56,6.85,7.51,
1989-01-01,45.43639626471026,-73.4434154352731,6.31,6.86,7.80,6.31,6.86,7.79,6.31,6.86,7.80,
1990-01-01,45.43639626471026,-73.4434154352731,6.20,7.02,7.73,6.20,7.02,7.73,6.28,7.02,7.73,
1991-01-01,45.43639626471026,-73.4434154352731,6.28,7.08,7.70,6.29,7.08,7.69,6.30,7.08,7.69,
1992-01-01,45.43639626471026,-73.4434154352731,5.22,6.38,7.43,5.23,6.37,7.42,5.23,6.38,7.43,
1993-01-01,45.43639626471026,-73.4434154352731,6.13,6.67,7.58,6.13,6.68,7.59,6.13,6.67,7.58,
1994-01-01,45.43639626471026,-73.4434154352731,6.10,6.97,8.20,6.09,6.97,8.20,6.10,6.97,8.19,
1995-01-01,45.43639626471026,-73.4434154352731,6.26,6.91,8.12,6.26,6.90,8.12,6.25,6.90,8.12,
1996-01-01,45.43639626471026,-73.4434154352731,6.49,7.04,8.05,6.50,7.03,8.06,6.49,7.03,8.06,
1997-01-01,45.43639626471026,-73.4434154352731,6.47,7.11,7.99,6.47,7.11,8.00,6.47,7.11,7.99,
1998-01-01,45.43639626471026,-73.4434154352731,6.17,7.32,7.86,6.16,7.31,7.86,6.16,7.32,7.87,
1999-01-01,45.43639626471026,-73.4434154352731,6.51,7.53,7.84,6.51,7.54,7.85,6.51,7.54,7.85,
2000-01-01,45.43639626471026,-73.4434154352731,6.84,7.57,8.24,6.83,7.56,8.23,6.84,7.56,8.24,
2001-01-01,45.43639626471026,-73.4434154352731,6.62,7.26,7.91,6.62,7.27,7.91,6.62,7.27,7.92,
2002-01-01,45.43639626471026,-73.4434154352731,6.85,7.66,8.20,6.86,7.65,8.20,6.86,7.67,8.20,
2003-01-01,45.43639626471026,-73.4434154352731,6.56,7.68,8.14,6.56,7.68,8.14,6.56,7.69,8.13,
2004-01-01,45.43639626471026,-73.4434154352731,6.35,7.55,8.36,6.34,7.56,8.35,6.34,7.55,8.36,
2005-01-01,45.43639626471026,-73.4434154352731,6.78,7.35,8.42,6.78,7.35,8.42,6.78,7.36,8.45,
2005-01-01,45.43639626471026,-73.4434154352731,6.78,7.35,8.42,6.78,7.35,8.42,6.78,7.36,8.45,
2006-01-01,45.43639626471026,-73.4434154352731,6.43,7.32,8.19,6.77,7.37,8.61,6.83,7.54,8.07,
2007-01-01,45.43639626471026,-73.4434154352731,6.66,7.18,7.93,7.07,8.15,8.72,6.50,7.57,8.32,
2008-01-01,45.43639626471026,-73.4434154352731,6.73,7.47,8.57,6.66,7.46,8.18,6.83,7.69,8.90,
2009-01-01,45.43639626471026,-73.4434154352731,6.87,7.81,8.79,6.52,7.73,8.64,6.79,7.57,8.64,
2010-01-01,45.43639626471026,-73.4434154352731,6.70,7.61,8.38,6.85,7.77,8.63,6.74,7.85,8.51,
2011-01-01,45.43639626471026,-73.4434154352731,6.79,7.90,8.76,6.99,8.05,8.68,7.04,7.93,9.01,
2012-01-01,45.43639626471026,-73.4434154352731,6.88,7.73,8.99,6.66,7.96,8.98,7.12,7.92,8.79,
2013-01-01,45.43639626471026,-73.4434154352731,7.05,8.06,8.58,6.70,7.97,8.85,6.94,7.87,8.91,
2014-01-01,45.43639626471026,-73.4434154352731,6.77,7.83,8.52,6.86,8.21,9.14,7.27,8.30,9.38,
2015-01-01,45.43639626471026,-73.4434154352731,6.44,7.88,8.91,6.77,7.85,8.64,6.81,7.94,8.66,
2016-01-01,45.43639626471026,-73.4434154352731,7.23,8.08,8.93,6.87,7.82,9.28,7.04,7.91,9.02,
2017-01-01,45.43639626471026,-73.4434154352731,7.24,8.33,9.24,7.19,7.64,8.55,6.83,8.62,9.43,
2018-01-01,45.43639626471026,-73.4434154352731,7.25,7.77,8.73,7.18,7.80,8.37,6.84,8.28,9.44,
2019-01-01,45.43639626471026,-73.4434154352731,7.03,7.95,9.59,7.07,7.88,9.10,7.22,8.22,9.15,
2020-01-01,45.43639626471026,-73.4434154352731,7.09,8.08,9.25,6.96,8.20,8.88,7.07,8.31,9.24,
2021-01-01,45.43639626471026,-73.4434154352731,7.10,7.96,9.14,7.30,8.21,9.19,7.31,7.96,9.03,
2022-01-01,45.43639626471026,-73.4434154352731,7.25,8.11,9.18,6.86,8.06,9.10,7.62,8.35,9.05,
2023-01-01,45.43639626471026,-73.4434154352731,7.28,8.27,9.30,7.12,8.16,9.44,6.96,8.15,9.44,
2024-01-01,45.43639626471026,-73.4434154352731,7.11,8.34,9.27,7.36,8.23,9.51,7.83,8.45,9.56,
2025-01-01,45.43639626471026,-73.4434154352731,6.93,8.32,9.77,7.75,8.57,9.62,7.44,8.49,9.56,
2026-01-01,45.43639626471026,-73.4434154352731,7.25,8.01,9.43,7.31,8.44,9.74,7.37,8.30,9.43,
2027-01-01,45.43639626471026,-73.4434154352731,7.32,8.51,9.36,7.76,8.40,9.96,7.21,8.54,10.03,
2028-01-01,45.43639626471026,-73.4434154352731,7.52,8.54,9.75,7.71,8.58,9.86,6.91,8.97,9.45,
2029-01-01,45.43639626471026,-73.4434154352731,7.87,8.28,9.14,6.87,8.35,9.45,7.16,8.77,9.41,
2030-01-01,45.43639626471026,-73.4434154352731,7.27,8.17,9.48,7.24,8.56,9.45,7.30,8.82,10.10,
2031-01-01,45.43639626471026,-73.4434154352731,7.26,8.37,9.96,7.52,8.50,10.04,7.78,8.66,9.85,
2032-01-01,45.43639626471026,-73.4434154352731,7.29,8.34,9.26,7.52,8.39,9.92,8.00,9.03,9.65,
2033-01-01,45.43639626471026,-73.4434154352731,7.45,8.14,9.38,7.93,8.98,9.77,7.63,8.64,9.57,
2034-01-01,45.43639626471026,-73.4434154352731,7.38,8.52,9.71,8.35,9.05,9.73,7.93,8.75,10.42,
2035-01-01,45.43639626471026,-73.4434154352731,7.61,8.34,9.81,8.07,9.01,10.33,7.50,9.05,10.70,
2036-01-01,45.43639626471026,-73.4434154352731,7.88,8.68,10.16,7.36,8.72,10.21,8.10,9.01,10.13,
2037-01-01,45.43639626471026,-73.4434154352731,7.52,8.64,10.05,7.58,8.77,10.00,8.04,9.05,10.35,
2038-01-01,45.43639626471026,-73.4434154352731,7.75,8.88,10.05,7.78,9.27,10.12,8.33,9.63,10.80,
2039-01-01,45.43639626471026,-73.4434154352731,7.36,8.90,10.31,7.78,8.87,10.25,8.36,9.11,10.26,
2040-01-01,45.43639626471026,-73.4434154352731,7.53,8.83,9.53,7.99,8.97,10.31,8.14,9.40,10.11,
2041-01-01,45.43639626471026,-73.4434154352731,7.87,9.07,9.92,8.00,9.22,10.21,8.41,9.30,10.54,
2042-01-01,45.43639626471026,-73.4434154352731,7.78,8.48,10.40,8.39,9.38,10.45,8.43,9.48,10.75,
2043-01-01,45.43639626471026,-73.4434154352731,7.52,8.83,10.17,8.25,9.47,10.39,8.53,9.43,10.76,
2044-01-01,45.43639626471026,-73.4434154352731,7.20,8.73,9.80,8.30,9.05,10.19,8.50,9.70,10.82,
2045-01-01,45.43639626471026,-73.4434154352731,7.65,8.84,10.49,8.15,9.22,10.47,8.68,9.48,10.74,
2046-01-01,45.43639626471026,-73.4434154352731,7.91,9.13,10.76,8.38,9.43,10.90,8.62,9.66,10.74,
2047-01-01,45.43639626471026,-73.4434154352731,8.07,8.77,10.45,8.21,9.45,10.20,9.13,9.53,11.41,
2048-01-01,45.43639626471026,-73.4434154352731,7.53,8.84,10.33,8.17,9.21,10.72,8.69,9.80,11.64,
2049-01-01,45.43639626471026,-73.4434154352731,7.57,8.89,10.10,7.85,9.00,10.81,8.61,10.01,11.14,
2050-01-01,45.43639626471026,-73.4434154352731,8.10,9.01,9.84,7.48,9.30,10.76,9.22,10.08,11.43,
2051-01-01,45.43639626471026,-73.4434154352731,7.45,8.89,10.89,8.38,9.24,10.82,8.90,10.07,12.51,
2052-01-01,45.43639626471026,-73.4434154352731,7.49,9.03,10.84,8.11,9.29,10.91,8.72,10.20,11.43,
2053-01-01,45.43639626471026,-73.4434154352731,7.65,9.06,9.91,8.46,9.62,10.71,9.19,10.28,11.82,
2054-01-01,45.43639626471026,-73.4434154352731,7.52,9.03,10.37,8.55,9.66,11.07,9.36,10.56,12.14,
2055-01-01,45.43639626471026,-73.4434154352731,7.80,8.80,10.63,8.84,9.75,11.08,9.18,10.29,11.80,
2056-01-01,45.43639626471026,-73.4434154352731,7.51,8.60,10.32,8.87,9.55,10.98,9.29,10.73,11.75,
2057-01-01,45.43639626471026,-73.4434154352731,7.57,8.76,9.95,8.49,9.78,10.65,9.01,10.34,11.77,
2058-01-01,45.43639626471026,-73.4434154352731,8.04,8.98,10.14,8.16,9.50,10.64,9.63,10.88,11.92,
2059-01-01,45.43639626471026,-73.4434154352731,7.78,8.81,10.44,8.15,9.54,10.59,10.00,10.93,12.21,
2060-01-01,45.43639626471026,-73.4434154352731,7.53,8.70,10.57,8.50,9.59,10.98,9.65,10.91,12.10,
2061-01-01,45.43639626471026,-73.4434154352731,7.82,9.04,10.00,8.63,9.91,11.55,9.52,10.72,12.49,
2062-01-01,45.43639626471026,-73.4434154352731,7.50,9.37,10.00,8.64,10.37,11.60,9.21,10.94,11.92,
2063-01-01,45.43639626471026,-73.4434154352731,7.78,8.67,9.83,8.93,9.75,11.66,10.07,11.04,13.05,
2064-01-01,45.43639626471026,-73.4434154352731,7.62,9.02,10.33,8.41,9.83,11.75,10.47,11.25,12.59,
2065-01-01,45.43639626471026,-73.4434154352731,7.96,9.18,10.90,8.61,9.82,11.37,10.40,11.66,12.52,
2066-01-01,45.43639626471026,-73.4434154352731,7.49,9.15,9.85,8.23,9.62,11.18,9.41,11.18,12.68,
2067-01-01,45.43639626471026,-73.4434154352731,7.48,9.07,10.67,8.31,10.00,12.01,9.94,11.19,12.55,
2068-01-01,45.43639626471026,-73.4434154352731,8.11,9.10,10.40,8.63,9.80,11.31,10.35,11.10,13.01,
2069-01-01,45.43639626471026,-73.4434154352731,8.04,9.01,10.36,8.56,9.75,11.66,10.14,11.69,12.64,
2070-01-01,45.43639626471026,-73.4434154352731,7.47,8.81,9.86,8.34,9.70,11.12,10.46,11.90,13.53,
2071-01-01,45.43639626471026,-73.4434154352731,7.54,8.78,10.12,9.17,10.14,11.91,10.44,11.55,13.16,
2072-01-01,45.43639626471026,-73.4434154352731,7.86,8.78,10.07,8.67,9.60,11.07,10.32,11.70,13.09,
2073-01-01,45.43639626471026,-73.4434154352731,7.76,9.00,10.12,8.68,10.37,11.65,10.94,11.94,13.76,
2074-01-01,45.43639626471026,-73.4434154352731,7.46,8.76,10.57,8.61,9.68,11.62,10.42,11.85,13.75,
2075-01-01,45.43639626471026,-73.4434154352731,7.40,8.85,10.11,8.54,9.98,12.05,10.54,12.07,13.53,
2076-01-01,45.43639626471026,-73.4434154352731,7.88,8.63,10.49,8.74,9.96,11.51,10.45,11.87,13.99,
2077-01-01,45.43639626471026,-73.4434154352731,7.63,9.00,10.18,8.72,10.38,11.45,11.05,11.89,13.80,
2078-01-01,45.43639626471026,-73.4434154352731,8.22,8.73,10.16,8.14,10.16,11.82,10.93,12.17,13.99,
2079-01-01,45.43639626471026,-73.4434154352731,7.78,9.00,9.97,8.95,9.75,11.62,11.18,12.26,13.89,
2080-01-01,45.43639626471026,-73.4434154352731,7.98,8.93,10.07,8.82,9.94,11.67,10.80,12.38,14.14,
2081-01-01,45.43639626471026,-73.4434154352731,7.38,8.82,9.88,9.00,9.85,11.42,11.35,12.40,14.29,
2082-01-01,45.43639626471026,-73.4434154352731,7.56,8.92,9.64,9.38,10.33,12.26,10.94,12.46,14.48,
2083-01-01,45.43639626471026,-73.4434154352731,8.03,8.73,9.83,9.19,10.18,12.29,10.78,12.49,13.85,
2084-01-01,45.43639626471026,-73.4434154352731,7.61,8.89,10.12,8.56,10.11,11.52,10.97,12.36,14.51,
2085-01-01,45.43639626471026,-73.4434154352731,7.80,8.72,10.31,8.89,10.36,11.69,11.48,12.70,14.62,
2086-01-01,45.43639626471026,-73.4434154352731,7.55,9.09,10.54,9.08,9.63,11.55,10.87,12.38,14.52,
2087-01-01,45.43639626471026,-73.4434154352731,7.68,9.11,10.29,8.94,10.31,11.38,10.88,12.94,15.13,
2088-01-01,45.43639626471026,-73.4434154352731,8.27,9.20,10.29,8.79,9.85,11.74,11.71,12.98,14.87,
2089-01-01,45.43639626471026,-73.4434154352731,7.67,8.54,10.29,8.56,10.12,11.57,10.52,13.40,15.19,
2090-01-01,45.43639626471026,-73.4434154352731,7.56,8.63,10.31,8.70,10.43,11.96,11.37,13.14,14.85,
2091-01-01,45.43639626471026,-73.4434154352731,7.82,9.24,10.40,8.48,10.14,11.64,11.70,13.17,15.24,
2092-01-01,45.43639626471026,-73.4434154352731,7.99,8.76,9.71,8.89,10.35,12.14,11.73,13.36,15.38,
2093-01-01,45.43639626471026,-73.4434154352731,7.52,8.38,10.52,9.07,10.35,11.78,12.17,13.31,15.33,
2094-01-01,45.43639626471026,-73.4434154352731,7.35,8.73,10.16,8.48,10.21,12.10,11.80,13.32,15.65,
2095-01-01,45.43639626471026,-73.4434154352731,7.40,8.79,10.19,8.46,10.27,12.04,11.73,13.16,15.81,
2096-01-01,45.43639626471026,-73.4434154352731,7.98,8.82,9.87,9.20,10.14,11.94,11.70,13.47,15.46,
2097-01-01,45.43639626471026,-73.4434154352731,7.57,8.85,9.88,8.66,10.59,11.89,11.75,14.06,15.93,
2098-01-01,45.43639626471026,-73.4434154352731,7.90,8.75,10.03,9.00,10.18,11.89,11.89,13.72,15.82,
2099-01-01,45.43639626471026,-73.4434154352731,7.60,8.31,10.19,8.81,10.54,11.91,12.26,13.61,15.65,
1950-01-01,45.42098390981519,-73.09175767731068,4.93,6.03,7.04,4.93,6.03,7.04,4.96,6.03,7.04,
1951-01-01,45.42098390981519,-73.09175767731068,5.57,6.10,7.24,5.57,6.10,7.24,5.57,6.10,7.24,
1952-01-01,45.42098390981519,-73.09175767731068,5.27,6.02,7.25,5.27,6.02,7.25,5.27,6.02,7.25,
1953-01-01,45.42098390981519,-73.09175767731068,5.16,5.80,7.05,5.16,5.80,7.05,5.16,5.83,7.05,
1954-01-01,45.42098390981519,-73.09175767731068,5.41,5.96,7.29,5.41,5.96,7.29,5.41,5.96,7.29,
1955-01-01,45.42098390981519,-73.09175767731068,5.30,6.22,6.93,5.30,6.22,6.93,5.30,6.22,6.93,
1956-01-01,45.42098390981519,-73.09175767731068,5.40,5.87,7.22,5.40,5.87,7.22,5.40,5.94,7.22,
1957-01-01,45.42098390981519,-73.09175767731068,4.71,6.29,6.96,4.71,6.29,6.96,4.79,6.29,6.96,
1958-01-01,45.42098390981519,-73.09175767731068,4.71,5.78,6.81,4.71,5.78,6.81,4.71,5.78,6.81,
1959-01-01,45.42098390981519,-73.09175767731068,4.88,5.90,6.74,4.88,5.90,6.74,4.97,5.90,6.74,
1960-01-01,45.42098390981519,-73.09175767731068,5.18,6.49,7.27,5.18,6.49,7.27,5.20,6.49,7.27,
1961-01-01,45.42098390981519,-73.09175767731068,5.25,5.95,6.91,5.25,5.95,6.91,5.25,6.00,6.91,
1962-01-01,45.42098390981519,-73.09175767731068,5.22,5.92,6.59,5.22,5.92,6.59,5.33,5.92,6.59,
1963-01-01,45.42098390981519,-73.09175767731068,4.63,5.93,6.83,4.63,5.93,6.83,4.63,5.93,6.83,
1964-01-01,45.42098390981519,-73.09175767731068,4.43,5.51,6.39,4.43,5.51,6.39,4.43,5.51,6.46,
1965-01-01,45.42098390981519,-73.09175767731068,4.51,5.49,6.31,4.51,5.49,6.31,4.51,5.49,6.31,
1966-01-01,45.42098390981519,-73.09175767731068,4.65,5.80,6.73,4.65,5.80,6.73,4.65,5.80,6.73,
1967-01-01,45.42098390981519,-73.09175767731068,5.09,5.82,7.03,5.09,5.82,7.03,5.10,5.82,7.03,
1968-01-01,45.42098390981519,-73.09175767731068,4.89,5.94,6.52,4.89,5.94,6.52,4.89,5.94,6.52,
1969-01-01,45.42098390981519,-73.09175767731068,4.56,5.66,6.71,4.56,5.66,6.71,4.56,5.66,6.71,
1970-01-01,45.42098390981519,-73.09175767731068,5.09,5.81,6.85,5.09,5.81,6.85,5.09,5.81,6.85,
1971-01-01,45.42098390981519,-73.09175767731068,4.92,5.83,7.02,4.92,5.83,7.02,4.92,5.83,7.02,
1972-01-01,45.42098390981519,-73.09175767731068,5.53,6.26,6.95,5.53,6.26,6.95,5.53,6.26,6.95,
1973-01-01,45.42098390981519,-73.09175767731068,5.41,6.11,6.59,5.41,6.11,6.59,5.41,6.11,6.59,
1974-01-01,45.42098390981519,-73.09175767731068,4.60,5.79,6.72,4.60,5.79,6.72,4.71,5.79,6.72,
1975-01-01,45.42098390981519,-73.09175767731068,4.98,5.84,7.07,4.98,5.84,7.07,4.98,5.84,7.07,
1976-01-01,45.42098390981519,-73.09175767731068,4.69,5.97,7.28,4.69,5.97,7.28,4.69,5.97,7.28,
1977-01-01,45.42098390981519,-73.09175767731068,4.89,5.81,6.92,4.89,5.81,6.92,4.89,5.81,6.92,
1978-01-01,45.42098390981519,-73.09175767731068,5.26,6.06,6.95,5.26,6.06,6.95,5.33,6.06,6.95,
1979-01-01,45.42098390981519,-73.09175767731068,5.51,6.22,7.34,5.51,6.22,7.34,5.51,6.22,7.34,
1980-01-01,45.42098390981519,-73.09175767731068,5.10,6.22,7.33,5.10,6.21,7.32,5.10,6.21,7.33,
1981-01-01,45.42098390981519,-73.09175767731068,5.38,6.62,7.49,5.37,6.62,7.48,5.42,6.62,7.49,
1982-01-01,45.42098390981519,-73.09175767731068,5.53,6.46,7.42,5.53,6.46,7.42,5.52,6.46,7.42,
1983-01-01,45.42098390981519,-73.09175767731068,5.02,5.82,6.59,5.02,5.82,6.59,5.02,5.82,6.59,
1984-01-01,45.42098390981519,-73.09175767731068,5.18,6.08,6.81,5.19,6.07,6.82,5.18,6.07,6.82,
1985-01-01,45.42098390981519,-73.09175767731068,5.37,6.20,6.87,5.37,6.20,6.86,5.38,6.20,6.86,
1986-01-01,45.42098390981519,-73.09175767731068,5.28,6.31,7.29,5.28,6.29,7.29,5.28,6.31,7.29,
1987-01-01,45.42098390981519,-73.09175767731068,5.50,6.45,7.31,5.51,6.45,7.30,5.51,6.45,7.30,
1988-01-01,45.42098390981519,-73.09175767731068,5.13,6.40,7.14,5.14,6.40,7.13,5.13,6.45,7.13,
1989-01-01,45.42098390981519,-73.09175767731068,5.91,6.50,7.43,5.91,6.50,7.42,5.91,6.50,7.42,
1990-01-01,45.42098390981519,-73.09175767731068,5.77,6.61,7.37,5.77,6.61,7.37,5.86,6.62,7.37,
1991-01-01,45.42098390981519,-73.09175767731068,5.89,6.67,7.35,5.90,6.67,7.34,5.91,6.67,7.35,
1992-01-01,45.42098390981519,-73.09175767731068,4.77,5.98,7.03,4.77,5.97,7.02,4.77,5.98,7.03,
1993-01-01,45.42098390981519,-73.09175767731068,5.70,6.29,7.19,5.70,6.28,7.20,5.70,6.28,7.19,
1994-01-01,45.42098390981519,-73.09175767731068,5.69,6.55,7.84,5.69,6.55,7.84,5.70,6.55,7.84,
1995-01-01,45.42098390981519,-73.09175767731068,5.83,6.51,7.78,5.84,6.51,7.79,5.83,6.52,7.79,
1996-01-01,45.42098390981519,-73.09175767731068,6.09,6.62,7.72,6.10,6.63,7.72,6.09,6.64,7.72,
1997-01-01,45.42098390981519,-73.09175767731068,6.08,6.75,7.59,6.08,6.74,7.61,6.08,6.74,7.60,
1998-01-01,45.42098390981519,-73.09175767731068,5.76,6.95,7.49,5.75,6.94,7.49,5.75,6.96,7.50,
1999-01-01,45.42098390981519,-73.09175767731068,6.10,7.19,7.51,6.10,7.19,7.51,6.10,7.19,7.50,
2000-01-01,45.42098390981519,-73.09175767731068,6.44,7.19,7.90,6.44,7.19,7.89,6.44,7.19,7.90,
2001-01-01,45.42098390981519,-73.09175767731068,6.26,6.89,7.59,6.26,6.89,7.59,6.26,6.89,7.60,
2002-01-01,45.42098390981519,-73.09175767731068,6.47,7.32,7.83,6.48,7.32,7.83,6.48,7.31,7.83,
2003-01-01,45.42098390981519,-73.09175767731068,6.17,7.34,7.78,6.17,7.34,7.79,6.17,7.35,7.78,
2004-01-01,45.42098390981519,-73.09175767731068,5.94,7.18,8.01,5.93,7.19,8.00,5.94,7.18,8.00,
2005-01-01,45.42098390981519,-73.09175767731068,6.39,6.95,8.07,6.38,6.95,8.07,6.38,6.95,8.10,
2005-01-01,45.42098390981519,-73.09175767731068,6.39,6.95,8.07,6.38,6.95,8.07,6.38,6.95,8.10,
2006-01-01,45.42098390981519,-73.09175767731068,6.05,6.94,7.83,6.39,7.01,8.27,6.44,7.17,7.71,
2007-01-01,45.42098390981519,-73.09175767731068,6.25,6.78,7.58,6.67,7.80,8.38,6.10,7.18,7.95,
2008-01-01,45.42098390981519,-73.09175767731068,6.32,7.08,8.21,6.24,7.11,7.82,6.46,7.34,8.53,
2009-01-01,45.42098390981519,-73.09175767731068,6.50,7.45,8.48,6.14,7.37,8.32,6.42,7.18,8.28,
2010-01-01,45.42098390981519,-73.09175767731068,6.27,7.25,8.02,6.41,7.35,8.23,6.31,7.46,8.13,
2011-01-01,45.42098390981519,-73.09175767731068,6.37,7.53,8.35,6.58,7.67,8.30,6.61,7.50,8.65,
2012-01-01,45.42098390981519,-73.09175767731068,6.47,7.31,8.65,6.19,7.57,8.63,6.69,7.53,8.39,
2013-01-01,45.42098390981519,-73.09175767731068,6.65,7.65,8.21,6.28,7.57,8.49,6.52,7.47,8.54,
2014-01-01,45.42098390981519,-73.09175767731068,6.34,7.42,8.12,6.41,7.81,8.79,6.81,7.91,9.02,
2015-01-01,45.42098390981519,-73.09175767731068,6.00,7.48,8.54,6.34,7.46,8.26,6.37,7.52,8.28,
2016-01-01,45.42098390981519,-73.09175767731068,6.85,7.68,8.57,6.45,7.43,8.92,6.58,7.51,8.65,
2017-01-01,45.42098390981519,-73.09175767731068,6.84,7.94,8.83,6.76,7.25,8.20,6.37,8.25,9.04,
2018-01-01,45.42098390981519,-73.09175767731068,6.83,7.36,8.39,6.70,7.38,7.99,6.38,7.90,9.09,
2019-01-01,45.42098390981519,-73.09175767731068,6.62,7.57,9.20,6.66,7.52,8.71,6.83,7.84,8.78,
2020-01-01,45.42098390981519,-73.09175767731068,6.68,7.69,8.88,6.51,7.81,8.51,6.68,7.92,8.85,
2021-01-01,45.42098390981519,-73.09175767731068,6.69,7.55,8.78,6.88,7.83,8.86,6.86,7.57,8.62,
2022-01-01,45.42098390981519,-73.09175767731068,6.82,7.73,8.80,6.44,7.67,8.73,7.22,7.99,8.67,
2023-01-01,45.42098390981519,-73.09175767731068,6.87,7.87,8.94,6.67,7.79,9.09,6.54,7.73,9.09,
2024-01-01,45.42098390981519,-73.09175767731068,6.69,7.94,8.93,6.96,7.84,9.16,7.43,8.05,9.23,
2025-01-01,45.42098390981519,-73.09175767731068,6.55,7.93,9.39,7.38,8.20,9.28,7.08,8.10,9.18,
2026-01-01,45.42098390981519,-73.09175767731068,6.82,7.63,9.07,6.91,8.04,9.41,6.92,7.91,9.16,
2027-01-01,45.42098390981519,-73.09175767731068,6.91,8.14,9.04,7.36,8.02,9.58,6.82,8.13,9.68,
2028-01-01,45.42098390981519,-73.09175767731068,7.11,8.18,9.41,7.30,8.22,9.52,6.47,8.59,9.08,
2029-01-01,45.42098390981519,-73.09175767731068,7.48,7.92,8.78,6.42,7.97,9.08,6.76,8.39,9.05,
2030-01-01,45.42098390981519,-73.09175767731068,6.84,7.78,9.17,6.83,8.19,9.07,6.85,8.46,9.73,
2031-01-01,45.42098390981519,-73.09175767731068,6.85,7.99,9.61,7.10,8.09,9.70,7.36,8.29,9.48,
2032-01-01,45.42098390981519,-73.09175767731068,6.87,7.99,8.87,7.13,8.02,9.57,7.61,8.67,9.31,
2033-01-01,45.42098390981519,-73.09175767731068,6.97,7.78,9.01,7.54,8.62,9.43,7.24,8.24,9.19,
2034-01-01,45.42098390981519,-73.09175767731068,6.94,8.12,9.35,7.94,8.70,9.38,7.54,8.38,10.07,
2035-01-01,45.42098390981519,-73.09175767731068,7.21,7.97,9.45,7.67,8.65,10.03,7.10,8.69,10.36,
2036-01-01,45.42098390981519,-73.09175767731068,7.44,8.32,9.82,6.95,8.38,9.87,7.72,8.64,9.77,
2037-01-01,45.42098390981519,-73.09175767731068,7.12,8.25,9.70,7.19,8.40,9.70,7.64,8.67,10.00,
2038-01-01,45.42098390981519,-73.09175767731068,7.38,8.48,9.69,7.37,8.91,9.81,7.93,9.27,10.46,
2039-01-01,45.42098390981519,-73.09175767731068,6.96,8.52,10.02,7.38,8.52,9.96,7.98,8.75,9.94,
2040-01-01,45.42098390981519,-73.09175767731068,7.07,8.46,9.13,7.55,8.58,9.90,7.66,8.97,9.71,
2041-01-01,45.42098390981519,-73.09175767731068,7.45,8.68,9.57,7.60,8.82,9.83,7.99,8.89,10.12,
2042-01-01,45.42098390981519,-73.09175767731068,7.37,8.08,10.01,8.03,9.04,10.06,7.96,9.01,10.32,
2043-01-01,45.42098390981519,-73.09175767731068,7.07,8.43,9.81,7.86,9.09,10.03,8.06,9.05,10.39,
2044-01-01,45.42098390981519,-73.09175767731068,6.76,8.30,9.44,7.90,8.68,9.78,8.07,9.32,10.48,
2045-01-01,45.42098390981519,-73.09175767731068,7.23,8.48,10.10,7.73,8.81,10.07,8.21,9.06,10.31,
2046-01-01,45.42098390981519,-73.09175767731068,7.54,8.77,10.37,7.94,9.03,10.54,8.21,9.25,10.36,
2047-01-01,45.42098390981519,-73.09175767731068,7.67,8.40,10.08,7.79,9.07,9.85,8.66,9.13,11.01,
2048-01-01,45.42098390981519,-73.09175767731068,7.07,8.45,9.98,7.75,8.81,10.32,8.22,9.39,11.24,
2049-01-01,45.42098390981519,-73.09175767731068,7.14,8.50,9.69,7.41,8.60,10.45,8.15,9.61,10.76,
2050-01-01,45.42098390981519,-73.09175767731068,7.67,8.63,9.46,7.06,8.89,10.37,8.78,9.70,11.07,
2051-01-01,45.42098390981519,-73.09175767731068,7.06,8.49,10.53,7.97,8.87,10.44,8.53,9.67,12.17,
2052-01-01,45.42098390981519,-73.09175767731068,7.02,8.61,10.47,7.68,8.88,10.53,8.28,9.82,11.07,
2053-01-01,45.42098390981519,-73.09175767731068,7.19,8.69,9.51,8.06,9.28,10.38,8.82,9.89,11.42,
2054-01-01,45.42098390981519,-73.09175767731068,7.04,8.64,10.02,8.16,9.28,10.70,8.94,10.18,11.81,
2055-01-01,45.42098390981519,-73.09175767731068,7.43,8.40,10.33,8.47,9.36,10.71,8.78,9.92,11.47,
2056-01-01,45.42098390981519,-73.09175767731068,7.10,8.20,10.00,8.50,9.18,10.64,8.86,10.37,11.38,
2057-01-01,45.42098390981519,-73.09175767731068,7.09,8.36,9.56,8.12,9.38,10.33,8.57,9.96,11.36,
2058-01-01,45.42098390981519,-73.09175767731068,7.65,8.56,9.81,7.71,9.13,10.17,9.22,10.49,11.54,
2059-01-01,45.42098390981519,-73.09175767731068,7.39,8.39,10.06,7.78,9.14,10.19,9.57,10.55,11.84,
2060-01-01,45.42098390981519,-73.09175767731068,7.07,8.31,10.20,8.13,9.20,10.56,9.26,10.54,11.73,
2061-01-01,45.42098390981519,-73.09175767731068,7.45,8.64,9.62,8.24,9.50,11.19,9.12,10.34,12.12,
2062-01-01,45.42098390981519,-73.09175767731068,7.11,8.99,9.59,8.24,10.02,11.22,8.78,10.54,11.53,
2063-01-01,45.42098390981519,-73.09175767731068,7.36,8.29,9.49,8.54,9.41,11.31,9.69,10.67,12.73,
2064-01-01,45.42098390981519,-73.09175767731068,7.19,8.62,9.93,8.04,9.47,11.37,10.11,10.85,12.22,
2065-01-01,45.42098390981519,-73.09175767731068,7.54,8.80,10.53,8.21,9.46,11.04,10.07,11.31,12.20,
2066-01-01,45.42098390981519,-73.09175767731068,7.07,8.79,9.45,7.84,9.24,10.87,9.00,10.82,12.36,
2067-01-01,45.42098390981519,-73.09175767731068,7.04,8.69,10.30,7.89,9.64,11.70,9.55,10.81,12.17,
2068-01-01,45.42098390981519,-73.09175767731068,7.68,8.73,10.03,8.22,9.42,10.97,10.00,10.75,12.69,
2069-01-01,45.42098390981519,-73.09175767731068,7.67,8.64,9.98,8.17,9.40,11.31,9.77,11.33,12.30,
2070-01-01,45.42098390981519,-73.09175767731068,7.05,8.45,9.49,7.92,9.26,10.73,10.01,11.51,13.18,
2071-01-01,45.42098390981519,-73.09175767731068,7.13,8.38,9.81,8.82,9.80,11.53,10.02,11.17,12.71,
2072-01-01,45.42098390981519,-73.09175767731068,7.46,8.40,9.69,8.25,9.20,10.66,9.90,11.32,12.64,
2073-01-01,45.42098390981519,-73.09175767731068,7.36,8.60,9.75,8.27,9.99,11.30,10.49,11.53,13.33,
2074-01-01,45.42098390981519,-73.09175767731068,7.05,8.37,10.18,8.23,9.30,11.22,9.99,11.45,13.30,
2075-01-01,45.42098390981519,-73.09175767731068,7.03,8.43,9.73,8.08,9.59,11.69,10.09,11.68,13.09,
2076-01-01,45.42098390981519,-73.09175767731068,7.51,8.22,10.08,8.32,9.59,11.11,9.99,11.48,13.57,
2077-01-01,45.42098390981519,-73.09175767731068,7.19,8.62,9.82,8.31,10.01,11.09,10.63,11.51,13.35,
2078-01-01,45.42098390981519,-73.09175767731068,7.82,8.34,9.74,7.73,9.76,11.42,10.48,11.76,13.55,
2079-01-01,45.42098390981519,-73.09175767731068,7.34,8.62,9.57,8.55,9.35,11.22,10.74,11.88,13.45,
2080-01-01,45.42098390981519,-73.09175767731068,7.57,8.56,9.66,8.39,9.54,11.25,10.41,12.03,13.70,
2081-01-01,45.42098390981519,-73.09175767731068,6.94,8.43,9.54,8.64,9.47,11.09,10.96,12.06,13.86,
2082-01-01,45.42098390981519,-73.09175767731068,7.13,8.50,9.25,8.98,9.97,11.93,10.49,12.09,14.08,
2083-01-01,45.42098390981519,-73.09175767731068,7.63,8.34,9.39,8.82,9.80,11.97,10.40,12.12,13.45,
2084-01-01,45.42098390981519,-73.09175767731068,7.23,8.49,9.71,8.08,9.74,11.15,10.61,11.98,14.12,
2085-01-01,45.42098390981519,-73.09175767731068,7.42,8.32,9.89,8.46,9.96,11.32,11.10,12.31,14.26,
2086-01-01,45.42098390981519,-73.09175767731068,7.17,8.68,10.15,8.67,9.26,11.21,10.47,11.97,14.13,
2087-01-01,45.42098390981519,-73.09175767731068,7.26,8.71,9.91,8.53,9.91,10.99,10.47,12.58,14.73,
2088-01-01,45.42098390981519,-73.09175767731068,7.88,8.81,9.87,8.41,9.46,11.39,11.32,12.62,14.50,
2089-01-01,45.42098390981519,-73.09175767731068,7.31,8.16,9.91,8.17,9.72,11.24,10.10,13.02,14.78,
2090-01-01,45.42098390981519,-73.09175767731068,7.15,8.26,9.96,8.29,10.05,11.61,11.01,12.79,14.45,
2091-01-01,45.42098390981519,-73.09175767731068,7.37,8.89,10.06,8.03,9.76,11.28,11.33,12.78,14.86,
2092-01-01,45.42098390981519,-73.09175767731068,7.62,8.39,9.37,8.51,10.00,11.78,11.37,13.04,15.03,
2093-01-01,45.42098390981519,-73.09175767731068,7.09,7.97,10.13,8.63,9.99,11.36,11.75,12.91,15.01,
2094-01-01,45.42098390981519,-73.09175767731068,6.95,8.35,9.83,8.06,9.83,11.76,11.46,13.00,15.27,
2095-01-01,45.42098390981519,-73.09175767731068,6.93,8.42,9.82,8.04,9.91,11.67,11.34,12.78,15.47,
2096-01-01,45.42098390981519,-73.09175767731068,7.62,8.44,9.46,8.84,9.79,11.56,11.34,13.11,15.10,
2097-01-01,45.42098390981519,-73.09175767731068,7.09,8.51,9.51,8.19,10.21,11.49,11.38,13.70,15.58,
2098-01-01,45.42098390981519,-73.09175767731068,7.51,8.39,9.68,8.62,9.81,11.56,11.55,13.37,15.52,
2099-01-01,45.42098390981519,-73.09175767731068,7.20,7.90,9.80,8.45,10.17,11.51,11.94,13.25,15.31,
1950-01-01,45.5005346224949,-73.63562895440822,5.28,6.29,7.31,5.28,6.29,7.31,5.28,6.29,7.31,
1951-01-01,45.5005346224949,-73.63562895440822,5.90,6.33,7.44,5.90,6.33,7.44,5.90,6.33,7.44,
1952-01-01,45.5005346224949,-73.63562895440822,5.55,6.30,7.48,5.55,6.30,7.48,5.55,6.30,7.48,
1953-01-01,45.5005346224949,-73.63562895440822,5.49,6.06,7.31,5.49,6.06,7.31,5.49,6.09,7.31,
1954-01-01,45.5005346224949,-73.63562895440822,5.72,6.21,7.52,5.72,6.21,7.52,5.72,6.21,7.52,
1955-01-01,45.5005346224949,-73.63562895440822,5.59,6.46,7.18,5.59,6.46,7.18,5.59,6.46,7.18,
1956-01-01,45.5005346224949,-73.63562895440822,5.68,6.17,7.38,5.68,6.17,7.38,5.68,6.21,7.38,
1957-01-01,45.5005346224949,-73.63562895440822,5.05,6.54,7.20,5.05,6.54,7.20,5.08,6.54,7.20,
1958-01-01,45.5005346224949,-73.63562895440822,4.98,6.07,7.09,4.98,6.07,7.09,4.98,6.07,7.09,
1959-01-01,45.5005346224949,-73.63562895440822,5.20,6.18,7.02,5.20,6.18,7.02,5.24,6.18,7.03,
1960-01-01,45.5005346224949,-73.63562895440822,5.50,6.70,7.49,5.50,6.70,7.49,5.50,6.70,7.49,
1961-01-01,45.5005346224949,-73.63562895440822,5.58,6.25,7.17,5.58,6.25,7.17,5.58,6.27,7.17,
1962-01-01,45.5005346224949,-73.63562895440822,5.57,6.17,6.83,5.57,6.17,6.83,5.62,6.17,6.83,
1963-01-01,45.5005346224949,-73.63562895440822,4.96,6.19,7.09,4.96,6.19,7.09,4.96,6.19,7.09,
1964-01-01,45.5005346224949,-73.63562895440822,4.75,5.84,6.69,4.75,5.84,6.69,4.75,5.84,6.74,
1965-01-01,45.5005346224949,-73.63562895440822,4.85,5.82,6.56,4.85,5.82,6.56,4.85,5.82,6.56,
1966-01-01,45.5005346224949,-73.63562895440822,4.99,6.09,6.97,4.99,6.09,6.97,4.99,6.09,6.97,
1967-01-01,45.5005346224949,-73.63562895440822,5.41,6.09,7.28,5.41,6.09,7.28,5.41,6.09,7.28,
1968-01-01,45.5005346224949,-73.63562895440822,5.23,6.21,6.82,5.23,6.21,6.82,5.23,6.21,6.82,
1969-01-01,45.5005346224949,-73.63562895440822,4.87,5.93,6.96,4.87,5.93,6.96,4.87,5.93,6.96,
1970-01-01,45.5005346224949,-73.63562895440822,5.41,6.13,7.08,5.41,6.13,7.08,5.41,6.13,7.08,
1971-01-01,45.5005346224949,-73.63562895440822,5.26,6.09,7.26,5.26,6.09,7.26,5.26,6.09,7.26,
1972-01-01,45.5005346224949,-73.63562895440822,5.81,6.54,7.21,5.81,6.54,7.21,5.81,6.54,7.21,
1973-01-01,45.5005346224949,-73.63562895440822,5.73,6.40,6.85,5.73,6.40,6.85,5.73,6.40,6.85,
1974-01-01,45.5005346224949,-73.63562895440822,4.99,6.08,6.97,4.99,6.08,6.97,5.06,6.08,6.97,
1975-01-01,45.5005346224949,-73.63562895440822,5.28,6.13,7.29,5.28,6.13,7.29,5.28,6.13,7.29,
1976-01-01,45.5005346224949,-73.63562895440822,5.03,6.23,7.45,5.03,6.23,7.45,5.03,6.23,7.45,
1977-01-01,45.5005346224949,-73.63562895440822,5.19,6.09,7.18,5.19,6.09,7.18,5.19,6.09,7.18,
1978-01-01,45.5005346224949,-73.63562895440822,5.58,6.38,7.20,5.58,6.38,7.20,5.63,6.38,7.20,
1979-01-01,45.5005346224949,-73.63562895440822,5.78,6.50,7.57,5.78,6.50,7.57,5.78,6.50,7.57,
1980-01-01,45.5005346224949,-73.63562895440822,5.42,6.50,7.55,5.42,6.50,7.55,5.42,6.50,7.56,
1981-01-01,45.5005346224949,-73.63562895440822,5.72,6.90,7.76,5.71,6.90,7.76,5.75,6.90,7.76,
1982-01-01,45.5005346224949,-73.63562895440822,5.85,6.74,7.63,5.85,6.74,7.64,5.84,6.74,7.64,
1983-01-01,45.5005346224949,-73.63562895440822,5.33,6.10,6.87,5.33,6.11,6.86,5.34,6.10,6.86,
1984-01-01,45.5005346224949,-73.63562895440822,5.53,6.34,7.13,5.54,6.34,7.13,5.53,6.34,7.13,
1985-01-01,45.5005346224949,-73.63562895440822,5.70,6.50,7.12,5.71,6.50,7.10,5.71,6.50,7.11,
1986-01-01,45.5005346224949,-73.63562895440822,5.57,6.62,7.56,5.57,6.60,7.56,5.57,6.62,7.57,
1987-01-01,45.5005346224949,-73.63562895440822,5.82,6.74,7.57,5.83,6.73,7.57,5.82,6.73,7.58,
1988-01-01,45.5005346224949,-73.63562895440822,5.46,6.72,7.41,5.47,6.72,7.39,5.46,6.74,7.40,
1989-01-01,45.5005346224949,-73.63562895440822,6.20,6.74,7.69,6.20,6.74,7.68,6.20,6.74,7.68,
1990-01-01,45.5005346224949,-73.63562895440822,6.14,6.91,7.61,6.15,6.91,7.61,6.20,6.91,7.61,
1991-01-01,45.5005346224949,-73.63562895440822,6.18,6.97,7.56,6.19,6.98,7.56,6.19,6.98,7.56,
1992-01-01,45.5005346224949,-73.63562895440822,5.12,6.27,7.34,5.13,6.25,7.33,5.13,6.26,7.33,
1993-01-01,45.5005346224949,-73.63562895440822,6.01,6.56,7.48,6.02,6.57,7.48,6.01,6.57,7.47,
1994-01-01,45.5005346224949,-73.63562895440822,6.01,6.87,8.09,6.00,6.87,8.09,6.01,6.86,8.09,
1995-01-01,45.5005346224949,-73.63562895440822,6.16,6.80,8.02,6.16,6.79,8.01,6.15,6.80,8.02,
1996-01-01,45.5005346224949,-73.63562895440822,6.36,6.92,7.93,6.37,6.91,7.93,6.36,6.92,7.94,
1997-01-01,45.5005346224949,-73.63562895440822,6.35,7.01,7.86,6.35,7.01,7.87,6.35,7.01,7.86,
1998-01-01,45.5005346224949,-73.63562895440822,6.05,7.19,7.76,6.04,7.18,7.76,6.04,7.19,7.77,
1999-01-01,45.5005346224949,-73.63562895440822,6.39,7.40,7.72,6.40,7.41,7.72,6.40,7.41,7.72,
2000-01-01,45.5005346224949,-73.63562895440822,6.72,7.45,8.12,6.72,7.44,8.11,6.72,7.45,8.11,
2001-01-01,45.5005346224949,-73.63562895440822,6.50,7.14,7.78,6.51,7.15,7.77,6.51,7.15,7.78,
2002-01-01,45.5005346224949,-73.63562895440822,6.74,7.53,8.10,6.75,7.52,8.10,6.75,7.55,8.09,
2003-01-01,45.5005346224949,-73.63562895440822,6.46,7.56,8.02,6.46,7.56,8.03,6.45,7.57,8.01,
2004-01-01,45.5005346224949,-73.63562895440822,6.25,7.43,8.25,6.23,7.44,8.25,6.24,7.43,8.25,
2005-01-01,45.5005346224949,-73.63562895440822,6.68,7.27,8.31,6.68,7.27,8.31,6.68,7.28,8.33,
2005-01-01,45.5005346224949,-73.63562895440822,6.68,7.27,8.31,6.68,7.27,8.31,6.68,7.28,8.33,
2006-01-01,45.5005346224949,-73.63562895440822,6.30,7.22,8.07,6.66,7.25,8.49,6.72,7.43,7.95,
2007-01-01,45.5005346224949,-73.63562895440822,6.54,7.08,7.80,6.95,8.03,8.59,6.38,7.45,8.21,
2008-01-01,45.5005346224949,-73.63562895440822,6.61,7.36,8.44,6.55,7.33,8.07,6.71,7.56,8.77,
2009-01-01,45.5005346224949,-73.63562895440822,6.75,7.68,8.65,6.40,7.62,8.51,6.68,7.47,8.52,
2010-01-01,45.5005346224949,-73.63562895440822,6.60,7.49,8.25,6.76,7.68,8.53,6.63,7.76,8.39,
2011-01-01,45.5005346224949,-73.63562895440822,6.68,7.77,8.69,6.88,7.95,8.56,6.93,7.85,8.88,
2012-01-01,45.5005346224949,-73.63562895440822,6.78,7.64,8.86,6.58,7.85,8.88,7.03,7.82,8.67,
2013-01-01,45.5005346224949,-73.63562895440822,6.96,7.98,8.46,6.60,7.88,8.74,6.85,7.77,8.79,
2014-01-01,45.5005346224949,-73.63562895440822,6.69,7.72,8.40,6.78,8.13,9.01,7.21,8.19,9.24,
2015-01-01,45.5005346224949,-73.63562895440822,6.35,7.78,8.80,6.69,7.74,8.53,6.71,7.84,8.54,
2016-01-01,45.5005346224949,-73.63562895440822,7.12,7.98,8.81,6.79,7.71,9.16,6.97,7.79,8.91,
2017-01-01,45.5005346224949,-73.63562895440822,7.12,8.24,9.13,7.09,7.54,8.43,6.77,8.53,9.33,
2018-01-01,45.5005346224949,-73.63562895440822,7.15,7.67,8.61,7.12,7.71,8.26,6.74,8.16,9.31,
2019-01-01,45.5005346224949,-73.63562895440822,6.94,7.84,9.50,6.97,7.78,9.00,7.10,8.12,9.03,
2020-01-01,45.5005346224949,-73.63562895440822,7.00,8.00,9.14,6.88,8.08,8.77,6.95,8.18,9.13,
2021-01-01,45.5005346224949,-73.63562895440822,7.00,7.86,9.02,7.18,8.10,9.06,7.22,7.86,8.93,
2022-01-01,45.5005346224949,-73.63562895440822,7.14,8.02,9.08,6.75,7.95,8.98,7.53,8.24,8.96,
2023-01-01,45.5005346224949,-73.63562895440822,7.17,8.14,9.19,7.06,8.05,9.30,6.87,8.04,9.33,
2024-01-01,45.5005346224949,-73.63562895440822,6.99,8.23,9.16,7.25,8.12,9.40,7.71,8.34,9.42,
2025-01-01,45.5005346224949,-73.63562895440822,6.82,8.21,9.68,7.66,8.47,9.51,7.32,8.36,9.44,
2026-01-01,45.5005346224949,-73.63562895440822,7.15,7.91,9.31,7.19,8.35,9.59,7.27,8.20,9.28,
2027-01-01,45.5005346224949,-73.63562895440822,7.21,8.38,9.23,7.67,8.30,9.86,7.08,8.44,9.91,
2028-01-01,45.5005346224949,-73.63562895440822,7.42,8.41,9.63,7.61,8.46,9.73,6.84,8.86,9.34,
2029-01-01,45.5005346224949,-73.63562895440822,7.78,8.16,9.03,6.77,8.27,9.33,7.04,8.64,9.31,
2030-01-01,45.5005346224949,-73.63562895440822,7.17,8.06,9.34,7.17,8.44,9.34,7.25,8.71,9.99,
2031-01-01,45.5005346224949,-73.63562895440822,7.15,8.26,9.84,7.43,8.41,9.92,7.67,8.54,9.74,
2032-01-01,45.5005346224949,-73.63562895440822,7.18,8.24,9.15,7.42,8.27,9.80,7.88,8.90,9.56,
2033-01-01,45.5005346224949,-73.63562895440822,7.36,8.03,9.27,7.81,8.87,9.66,7.52,8.54,9.44,
2034-01-01,45.5005346224949,-73.63562895440822,7.30,8.42,9.60,8.25,8.93,9.63,7.82,8.63,10.30,
2035-01-01,45.5005346224949,-73.63562895440822,7.50,8.22,9.69,7.97,8.89,10.21,7.44,8.93,10.56,
2036-01-01,45.5005346224949,-73.63562895440822,7.77,8.55,10.03,7.26,8.59,10.09,7.98,8.90,10.03,
2037-01-01,45.5005346224949,-73.63562895440822,7.42,8.52,9.93,7.46,8.67,9.85,7.93,8.95,10.23,
2038-01-01,45.5005346224949,-73.63562895440822,7.63,8.79,9.93,7.67,9.15,9.97,8.22,9.50,10.69,
2039-01-01,45.5005346224949,-73.63562895440822,7.25,8.79,10.18,7.67,8.76,10.10,8.23,8.99,10.15,
2040-01-01,45.5005346224949,-73.63562895440822,7.47,8.71,9.43,7.94,8.86,10.22,8.05,9.32,9.99,
2041-01-01,45.5005346224949,-73.63562895440822,7.76,8.99,9.80,7.92,9.11,10.10,8.32,9.19,10.45,
2042-01-01,45.5005346224949,-73.63562895440822,7.70,8.38,10.28,8.27,9.24,10.37,8.36,9.40,10.65,
2043-01-01,45.5005346224949,-73.63562895440822,7.45,8.73,10.07,8.13,9.36,10.28,8.46,9.33,10.64,
2044-01-01,45.5005346224949,-73.63562895440822,7.11,8.63,9.67,8.22,8.94,10.10,8.40,9.59,10.72,
2045-01-01,45.5005346224949,-73.63562895440822,7.55,8.71,10.39,8.05,9.11,10.37,8.61,9.38,10.66,
2046-01-01,45.5005346224949,-73.63562895440822,7.80,9.00,10.68,8.29,9.35,10.80,8.52,9.57,10.62,
2047-01-01,45.5005346224949,-73.63562895440822,7.96,8.65,10.34,8.12,9.34,10.11,9.04,9.43,11.32,
2048-01-01,45.5005346224949,-73.63562895440822,7.47,8.74,10.21,8.07,9.11,10.63,8.62,9.71,11.55,
2049-01-01,45.5005346224949,-73.63562895440822,7.46,8.78,10.01,7.77,8.90,10.71,8.52,9.91,11.02,
2050-01-01,45.5005346224949,-73.63562895440822,7.99,8.90,9.72,7.37,9.19,10.67,9.15,9.97,11.34,
2051-01-01,45.5005346224949,-73.63562895440822,7.36,8.79,10.75,8.28,9.11,10.69,8.77,9.97,12.38,
2052-01-01,45.5005346224949,-73.63562895440822,7.43,8.93,10.74,8.01,9.19,10.79,8.62,10.10,11.31,
2053-01-01,45.5005346224949,-73.63562895440822,7.56,8.94,9.83,8.35,9.48,10.58,9.08,10.19,11.73,
2054-01-01,45.5005346224949,-73.63562895440822,7.47,8.92,10.26,8.43,9.55,10.96,9.26,10.46,12.02,
2055-01-01,45.5005346224949,-73.63562895440822,7.72,8.70,10.49,8.73,9.64,10.97,9.06,10.18,11.68,
2056-01-01,45.5005346224949,-73.63562895440822,7.41,8.50,10.17,8.76,9.43,10.90,9.19,10.61,11.63,
2057-01-01,45.5005346224949,-73.63562895440822,7.51,8.65,9.85,8.39,9.68,10.52,8.92,10.23,11.66,
2058-01-01,45.5005346224949,-73.63562895440822,7.94,8.87,10.03,8.06,9.37,10.56,9.53,10.76,11.85,
2059-01-01,45.5005346224949,-73.63562895440822,7.68,8.69,10.34,8.04,9.44,10.51,9.90,10.83,12.10,
2060-01-01,45.5005346224949,-73.63562895440822,7.45,8.60,10.47,8.40,9.49,10.90,9.55,10.82,12.00,
2061-01-01,45.5005346224949,-73.63562895440822,7.71,8.93,9.89,8.53,9.80,11.45,9.42,10.62,12.39,
2062-01-01,45.5005346224949,-73.63562895440822,7.39,9.27,9.91,8.52,10.26,11.49,9.12,10.83,11.82,
2063-01-01,45.5005346224949,-73.63562895440822,7.69,8.55,9.72,8.85,9.61,11.53,9.98,10.93,12.93,
2064-01-01,45.5005346224949,-73.63562895440822,7.54,8.92,10.22,8.28,9.72,11.66,10.37,11.13,12.48,
2065-01-01,45.5005346224949,-73.63562895440822,7.88,9.05,10.81,8.51,9.73,11.24,10.26,11.55,12.39,
2066-01-01,45.5005346224949,-73.63562895440822,7.40,9.04,9.75,8.14,9.51,11.02,9.32,11.07,12.55,
2067-01-01,45.5005346224949,-73.63562895440822,7.38,8.96,10.58,8.22,9.89,11.87,9.83,11.05,12.47,
2068-01-01,45.5005346224949,-73.63562895440822,8.01,8.96,10.30,8.53,9.71,11.19,10.23,10.99,12.88,
2069-01-01,45.5005346224949,-73.63562895440822,7.91,8.90,10.23,8.45,9.64,11.56,10.04,11.57,12.53,
2070-01-01,45.5005346224949,-73.63562895440822,7.37,8.69,9.76,8.24,9.61,11.03,10.39,11.80,13.42,
2071-01-01,45.5005346224949,-73.63562895440822,7.45,8.65,9.98,9.04,10.03,11.79,10.35,11.43,13.10,
2072-01-01,45.5005346224949,-73.63562895440822,7.75,8.68,9.96,8.57,9.50,10.95,10.23,11.59,13.00,
2073-01-01,45.5005346224949,-73.63562895440822,7.66,8.88,10.02,8.59,10.26,11.54,10.83,11.85,13.70,
2074-01-01,45.5005346224949,-73.63562895440822,7.38,8.65,10.47,8.48,9.56,11.52,10.32,11.76,13.70,
2075-01-01,45.5005346224949,-73.63562895440822,7.28,8.75,10.02,8.45,9.87,11.95,10.48,11.96,13.45,
2076-01-01,45.5005346224949,-73.63562895440822,7.77,8.52,10.40,8.66,9.85,11.41,10.37,11.76,13.92,
2077-01-01,45.5005346224949,-73.63562895440822,7.54,8.89,10.04,8.63,10.26,11.34,10.96,11.79,13.74,
2078-01-01,45.5005346224949,-73.63562895440822,8.13,8.61,10.06,8.05,10.07,11.72,10.86,12.07,13.95,
2079-01-01,45.5005346224949,-73.63562895440822,7.69,8.88,9.87,8.84,9.64,11.53,11.10,12.17,13.83,
2080-01-01,45.5005346224949,-73.63562895440822,7.87,8.81,9.99,8.77,9.85,11.57,10.71,12.28,14.07,
2081-01-01,45.5005346224949,-73.63562895440822,7.28,8.73,9.74,8.89,9.71,11.30,11.24,12.27,14.21,
2082-01-01,45.5005346224949,-73.63562895440822,7.48,8.83,9.55,9.29,10.22,12.15,10.86,12.36,14.34,
2083-01-01,45.5005346224949,-73.63562895440822,7.92,8.62,9.75,9.07,10.08,12.18,10.67,12.39,13.77,
2084-01-01,45.5005346224949,-73.63562895440822,7.50,8.77,10.02,8.51,9.99,11.39,10.85,12.27,14.39,
2085-01-01,45.5005346224949,-73.63562895440822,7.69,8.62,10.23,8.82,10.26,11.60,11.39,12.59,14.53,
2086-01-01,45.5005346224949,-73.63562895440822,7.44,9.02,10.47,8.97,9.53,11.43,10.79,12.30,14.44,
2087-01-01,45.5005346224949,-73.63562895440822,7.56,9.00,10.17,8.82,10.21,11.28,10.77,12.83,15.07,
2088-01-01,45.5005346224949,-73.63562895440822,8.18,9.09,10.19,8.67,9.75,11.63,11.60,12.86,14.80,
2089-01-01,45.5005346224949,-73.63562895440822,7.52,8.41,10.18,8.48,10.02,11.43,10.44,13.30,15.11,
2090-01-01,45.5005346224949,-73.63562895440822,7.49,8.51,10.16,8.59,10.34,11.87,11.26,13.02,14.76,
2091-01-01,45.5005346224949,-73.63562895440822,7.74,9.13,10.26,8.40,10.04,11.56,11.57,13.07,15.17,
2092-01-01,45.5005346224949,-73.63562895440822,7.86,8.65,9.59,8.76,10.25,12.03,11.61,13.23,15.30,
2093-01-01,45.5005346224949,-73.63562895440822,7.41,8.28,10.45,9.01,10.22,11.69,12.08,13.19,15.21,
2094-01-01,45.5005346224949,-73.63562895440822,7.25,8.64,10.02,8.38,10.10,11.99,11.67,13.18,15.55,
2095-01-01,45.5005346224949,-73.63562895440822,7.34,8.70,10.08,8.39,10.15,11.95,11.63,13.05,15.73,
2096-01-01,45.5005346224949,-73.63562895440822,7.87,8.71,9.78,9.09,10.03,11.83,11.58,13.36,15.38,
2097-01-01,45.5005346224949,-73.63562895440822,7.51,8.70,9.77,8.60,10.48,11.83,11.63,13.96,15.84,
2098-01-01,45.5005346224949,-73.63562895440822,7.77,8.63,9.91,8.88,10.06,11.77,11.77,13.60,15.71,
2099-01-01,45.5005346224949,-73.63562895440822,7.49,8.20,10.10,8.69,10.42,11.83,12.13,13.50,15.53,
1950-01-01,45.51207798316137,-73.67134419545124,5.23,6.23,7.26,5.23,6.23,7.26,5.23,6.23,7.26,
1951-01-01,45.51207798316137,-73.67134419545124,5.85,6.28,7.39,5.85,6.28,7.39,5.85,6.28,7.39,
1952-01-01,45.51207798316137,-73.67134419545124,5.49,6.25,7.42,5.49,6.25,7.42,5.49,6.25,7.42,
1953-01-01,45.51207798316137,-73.67134419545124,5.44,6.00,7.27,5.44,6.00,7.27,5.44,6.03,7.27,
1954-01-01,45.51207798316137,-73.67134419545124,5.67,6.15,7.47,5.67,6.15,7.47,5.67,6.15,7.47,
1955-01-01,45.51207798316137,-73.67134419545124,5.54,6.41,7.14,5.54,6.41,7.14,5.54,6.41,7.14,
1956-01-01,45.51207798316137,-73.67134419545124,5.63,6.09,7.32,5.63,6.09,7.32,5.63,6.14,7.32,
1957-01-01,45.51207798316137,-73.67134419545124,4.98,6.49,7.15,4.98,6.49,7.15,5.03,6.49,7.15,
1958-01-01,45.51207798316137,-73.67134419545124,4.92,6.02,7.04,4.92,6.02,7.04,4.92,6.02,7.04,
1959-01-01,45.51207798316137,-73.67134419545124,5.12,6.13,6.98,5.12,6.13,6.98,5.18,6.13,6.98,
1960-01-01,45.51207798316137,-73.67134419545124,5.45,6.65,7.44,5.45,6.65,7.44,5.45,6.65,7.44,
1961-01-01,45.51207798316137,-73.67134419545124,5.53,6.19,7.11,5.53,6.19,7.11,5.53,6.22,7.11,
1962-01-01,45.51207798316137,-73.67134419545124,5.49,6.12,6.78,5.49,6.12,6.78,5.56,6.12,6.78,
1963-01-01,45.51207798316137,-73.67134419545124,4.91,6.15,7.05,4.91,6.15,7.05,4.91,6.15,7.05,
1964-01-01,45.51207798316137,-73.67134419545124,4.70,5.79,6.62,4.70,5.79,6.62,4.70,5.79,6.68,
1965-01-01,45.51207798316137,-73.67134419545124,4.80,5.77,6.52,4.80,5.77,6.52,4.80,5.77,6.52,
1966-01-01,45.51207798316137,-73.67134419545124,4.93,6.04,6.92,4.93,6.04,6.92,4.93,6.04,6.92,
1967-01-01,45.51207798316137,-73.67134419545124,5.36,6.04,7.24,5.36,6.04,7.24,5.37,6.04,7.24,
1968-01-01,45.51207798316137,-73.67134419545124,5.18,6.15,6.77,5.18,6.15,6.77,5.18,6.15,6.77,
1969-01-01,45.51207798316137,-73.67134419545124,4.81,5.87,6.91,4.81,5.87,6.91,4.81,5.87,6.91,
1970-01-01,45.51207798316137,-73.67134419545124,5.36,6.07,7.04,5.36,6.07,7.04,5.36,6.07,7.04,
1971-01-01,45.51207798316137,-73.67134419545124,5.20,6.03,7.21,5.20,6.03,7.21,5.20,6.03,7.21,
1972-01-01,45.51207798316137,-73.67134419545124,5.75,6.49,7.16,5.75,6.49,7.16,5.75,6.49,7.16,
1973-01-01,45.51207798316137,-73.67134419545124,5.68,6.34,6.80,5.68,6.34,6.80,5.68,6.34,6.80,
1974-01-01,45.51207798316137,-73.67134419545124,4.92,6.02,6.93,4.92,6.02,6.93,4.99,6.02,6.93,
1975-01-01,45.51207798316137,-73.67134419545124,5.22,6.08,7.24,5.22,6.08,7.24,5.22,6.08,7.24,
1976-01-01,45.51207798316137,-73.67134419545124,4.98,6.18,7.39,4.98,6.18,7.39,4.98,6.18,7.39,
1977-01-01,45.51207798316137,-73.67134419545124,5.13,6.04,7.14,5.13,6.04,7.14,5.13,6.04,7.14,
1978-01-01,45.51207798316137,-73.67134419545124,5.51,6.34,7.15,5.51,6.34,7.15,5.57,6.34,7.15,
1979-01-01,45.51207798316137,-73.67134419545124,5.72,6.45,7.52,5.72,6.45,7.52,5.72,6.45,7.52,
1980-01-01,45.51207798316137,-73.67134419545124,5.37,6.45,7.50,5.36,6.45,7.50,5.36,6.44,7.51,
1981-01-01,45.51207798316137,-73.67134419545124,5.67,6.85,7.71,5.66,6.85,7.70,5.69,6.85,7.71,
1982-01-01,45.51207798316137,-73.67134419545124,5.80,6.69,7.58,5.80,6.69,7.58,5.79,6.68,7.58,
1983-01-01,45.51207798316137,-73.67134419545124,5.28,6.05,6.82,5.28,6.05,6.81,5.28,6.05,6.82,
1984-01-01,45.51207798316137,-73.67134419545124,5.48,6.28,7.07,5.49,6.28,7.08,5.48,6.28,7.07,
1985-01-01,45.51207798316137,-73.67134419545124,5.65,6.44,7.06,5.65,6.44,7.05,5.66,6.44,7.05,
1986-01-01,45.51207798316137,-73.67134419545124,5.51,6.57,7.52,5.51,6.56,7.52,5.51,6.56,7.52,
1987-01-01,45.51207798316137,-73.67134419545124,5.77,6.69,7.53,5.77,6.68,7.53,5.77,6.68,7.53,
1988-01-01,45.51207798316137,-73.67134419545124,5.40,6.67,7.36,5.41,6.67,7.35,5.40,6.68,7.35,
1989-01-01,45.51207798316137,-73.67134419545124,6.14,6.70,7.64,6.14,6.70,7.63,6.14,6.69,7.64,
1990-01-01,45.51207798316137,-73.67134419545124,6.07,6.86,7.56,6.07,6.86,7.55,6.14,6.87,7.55,
1991-01-01,45.51207798316137,-73.67134419545124,6.13,6.93,7.51,6.13,6.93,7.51,6.14,6.93,7.51,
1992-01-01,45.51207798316137,-73.67134419545124,5.07,6.22,7.28,5.08,6.20,7.27,5.08,6.21,7.28,
1993-01-01,45.51207798316137,-73.67134419545124,5.96,6.52,7.43,5.97,6.53,7.43,5.96,6.52,7.42,
1994-01-01,45.51207798316137,-73.67134419545124,5.95,6.83,8.04,5.95,6.82,8.04,5.96,6.82,8.04,
1995-01-01,45.51207798316137,-73.67134419545124,6.12,6.74,7.97,6.11,6.74,7.96,6.11,6.74,7.97,
1996-01-01,45.51207798316137,-73.67134419545124,6.30,6.88,7.88,6.31,6.86,7.88,6.30,6.87,7.89,
1997-01-01,45.51207798316137,-73.67134419545124,6.30,6.96,7.81,6.30,6.96,7.81,6.30,6.96,7.81,
1998-01-01,45.51207798316137,-73.67134419545124,5.98,7.13,7.72,5.98,7.12,7.71,5.98,7.13,7.73,
1999-01-01,45.51207798316137,-73.67134419545124,6.34,7.35,7.67,6.35,7.35,7.67,6.35,7.35,7.68,
2000-01-01,45.51207798316137,-73.67134419545124,6.67,7.40,8.08,6.66,7.40,8.07,6.67,7.40,8.07,
2001-01-01,45.51207798316137,-73.67134419545124,6.45,7.09,7.72,6.45,7.10,7.72,6.45,7.10,7.73,
2002-01-01,45.51207798316137,-73.67134419545124,6.69,7.47,8.05,6.70,7.46,8.05,6.69,7.49,8.05,
2003-01-01,45.51207798316137,-73.67134419545124,6.40,7.51,7.97,6.40,7.51,7.98,6.40,7.52,7.97,
2004-01-01,45.51207798316137,-73.67134419545124,6.20,7.39,8.21,6.18,7.40,8.20,6.19,7.39,8.20,
2005-01-01,45.51207798316137,-73.67134419545124,6.63,7.23,8.25,6.63,7.23,8.25,6.63,7.23,8.28,
2005-01-01,45.51207798316137,-73.67134419545124,6.63,7.23,8.25,6.63,7.23,8.25,6.63,7.23,8.28,
2006-01-01,45.51207798316137,-73.67134419545124,6.25,7.17,8.02,6.61,7.20,8.44,6.67,7.38,7.90,
2007-01-01,45.51207798316137,-73.67134419545124,6.49,7.01,7.75,6.90,7.98,8.54,6.32,7.39,8.16,
2008-01-01,45.51207798316137,-73.67134419545124,6.56,7.32,8.39,6.51,7.27,8.02,6.65,7.51,8.73,
2009-01-01,45.51207798316137,-73.67134419545124,6.69,7.63,8.61,6.35,7.57,8.46,6.63,7.42,8.47,
2010-01-01,45.51207798316137,-73.67134419545124,6.55,7.42,8.19,6.72,7.63,8.49,6.56,7.71,8.34,
2011-01-01,45.51207798316137,-73.67134419545124,6.63,7.71,8.65,6.82,7.90,8.52,6.87,7.79,8.83,
2012-01-01,45.51207798316137,-73.67134419545124,6.73,7.58,8.80,6.50,7.80,8.82,6.99,7.77,8.63,
2013-01-01,45.51207798316137,-73.67134419545124,6.91,7.93,8.41,6.53,7.84,8.69,6.79,7.72,8.75,
2014-01-01,45.51207798316137,-73.67134419545124,6.65,7.68,8.35,6.73,8.08,8.96,7.17,8.13,9.19,
2015-01-01,45.51207798316137,-73.67134419545124,6.28,7.74,8.75,6.64,7.68,8.46,6.64,7.79,8.48,
2016-01-01,45.51207798316137,-73.67134419545124,7.06,7.92,8.76,6.73,7.66,9.11,6.92,7.74,8.85,
2017-01-01,45.51207798316137,-73.67134419545124,7.07,8.17,9.08,7.03,7.49,8.37,6.73,8.48,9.28,
2018-01-01,45.51207798316137,-73.67134419545124,7.09,7.61,8.55,7.08,7.65,8.21,6.67,8.11,9.26,
2019-01-01,45.51207798316137,-73.67134419545124,6.89,7.78,9.46,6.92,7.72,8.95,7.04,8.07,8.99,
2020-01-01,45.51207798316137,-73.67134419545124,6.95,7.93,9.09,6.82,8.03,8.71,6.89,8.13,9.08,
2021-01-01,45.51207798316137,-73.67134419545124,6.95,7.81,8.97,7.14,8.05,9.00,7.16,7.80,8.89,
2022-01-01,45.51207798316137,-73.67134419545124,7.08,7.95,9.04,6.71,7.90,8.93,7.47,8.19,8.91,
2023-01-01,45.51207798316137,-73.67134419545124,7.11,8.09,9.13,6.99,7.99,9.25,6.82,7.99,9.27,
2024-01-01,45.51207798316137,-73.67134419545124,6.94,8.18,9.11,7.20,8.07,9.35,7.65,8.29,9.36,
2025-01-01,45.51207798316137,-73.67134419545124,6.76,8.16,9.63,7.60,8.40,9.46,7.26,8.31,9.39,
2026-01-01,45.51207798316137,-73.67134419545124,7.10,7.83,9.26,7.13,8.30,9.53,7.21,8.13,9.21,
2027-01-01,45.51207798316137,-73.67134419545124,7.16,8.32,9.18,7.62,8.25,9.82,7.02,8.39,9.86,
2028-01-01,45.51207798316137,-73.67134419545124,7.37,8.35,9.58,7.56,8.41,9.68,6.80,8.81,9.29,
2029-01-01,45.51207798316137,-73.67134419545124,7.73,8.11,8.95,6.72,8.20,9.28,6.99,8.58,9.26,
2030-01-01,45.51207798316137,-73.67134419545124,7.11,8.02,9.28,7.10,8.38,9.29,7.20,8.67,9.95,
2031-01-01,45.51207798316137,-73.67134419545124,7.10,8.20,9.80,7.39,8.35,9.86,7.63,8.48,9.69,
2032-01-01,45.51207798316137,-73.67134419545124,7.13,8.17,9.10,7.36,8.21,9.75,7.82,8.85,9.51,
2033-01-01,45.51207798316137,-73.67134419545124,7.31,7.98,9.22,7.74,8.81,9.62,7.47,8.49,9.39,
2034-01-01,45.51207798316137,-73.67134419545124,7.25,8.36,9.55,8.21,8.87,9.56,7.77,8.58,10.25,
2035-01-01,45.51207798316137,-73.67134419545124,7.44,8.17,9.65,7.93,8.84,10.15,7.41,8.88,10.51,
2036-01-01,45.51207798316137,-73.67134419545124,7.73,8.49,9.99,7.21,8.53,10.05,7.93,8.85,9.98,
2037-01-01,45.51207798316137,-73.67134419545124,7.37,8.46,9.88,7.41,8.62,9.79,7.88,8.90,10.18,
2038-01-01,45.51207798316137,-73.67134419545124,7.56,8.74,9.89,7.61,9.11,9.92,8.17,9.46,10.65,
2039-01-01,45.51207798316137,-73.67134419545124,7.19,8.73,10.13,7.61,8.70,10.04,8.17,8.94,10.10,
2040-01-01,45.51207798316137,-73.67134419545124,7.41,8.65,9.38,7.86,8.81,10.18,8.00,9.27,9.94,
2041-01-01,45.51207798316137,-73.67134419545124,7.71,8.93,9.75,7.84,9.05,10.03,8.26,9.13,10.40,
2042-01-01,45.51207798316137,-73.67134419545124,7.63,8.33,10.22,8.22,9.19,10.32,8.31,9.34,10.60,
2043-01-01,45.51207798316137,-73.67134419545124,7.42,8.68,10.02,8.07,9.30,10.23,8.42,9.27,10.59,
2044-01-01,45.51207798316137,-73.67134419545124,7.05,8.57,9.60,8.16,8.88,10.05,8.34,9.54,10.66,
2045-01-01,45.51207798316137,-73.67134419545124,7.50,8.66,10.34,7.99,9.05,10.32,8.56,9.33,10.61,
2046-01-01,45.51207798316137,-73.67134419545124,7.74,8.94,10.64,8.23,9.29,10.75,8.45,9.52,10.56,
2047-01-01,45.51207798316137,-73.67134419545124,7.91,8.59,10.30,8.06,9.28,10.04,8.98,9.37,11.27,
2048-01-01,45.51207798316137,-73.67134419545124,7.41,8.68,10.16,8.01,9.07,10.58,8.57,9.66,11.50,
2049-01-01,45.51207798316137,-73.67134419545124,7.41,8.73,9.97,7.71,8.86,10.66,8.47,9.85,10.97,
2050-01-01,45.51207798316137,-73.67134419545124,7.92,8.85,9.67,7.32,9.14,10.61,9.12,9.92,11.28,
2051-01-01,45.51207798316137,-73.67134419545124,7.30,8.74,10.70,8.23,9.05,10.63,8.71,9.92,12.32,
2052-01-01,45.51207798316137,-73.67134419545124,7.39,8.88,10.69,7.96,9.14,10.74,8.57,10.04,11.25,
2053-01-01,45.51207798316137,-73.67134419545124,7.50,8.88,9.79,8.30,9.43,10.52,9.03,10.14,11.69,
2054-01-01,45.51207798316137,-73.67134419545124,7.43,8.87,10.20,8.38,9.49,10.91,9.20,10.41,11.97,
2055-01-01,45.51207798316137,-73.67134419545124,7.67,8.65,10.44,8.68,9.59,10.92,9.01,10.12,11.64,
2056-01-01,45.51207798316137,-73.67134419545124,7.36,8.45,10.11,8.72,9.39,10.86,9.14,10.55,11.57,
2057-01-01,45.51207798316137,-73.67134419545124,7.47,8.60,9.79,8.35,9.63,10.46,8.87,10.18,11.61,
2058-01-01,45.51207798316137,-73.67134419545124,7.87,8.82,9.97,8.01,9.32,10.52,9.47,10.71,11.81,
2059-01-01,45.51207798316137,-73.67134419545124,7.62,8.64,10.28,7.98,9.39,10.46,9.85,10.77,12.06,
2060-01-01,45.51207798316137,-73.67134419545124,7.40,8.55,10.43,8.34,9.44,10.83,9.51,10.77,11.94,
2061-01-01,45.51207798316137,-73.67134419545124,7.66,8.88,9.84,8.48,9.75,11.41,9.37,10.56,12.35,
2062-01-01,45.51207798316137,-73.67134419545124,7.33,9.21,9.85,8.47,10.21,11.45,9.06,10.78,11.77,
2063-01-01,45.51207798316137,-73.67134419545124,7.62,8.50,9.67,8.80,9.55,11.48,9.94,10.88,12.88,
2064-01-01,45.51207798316137,-73.67134419545124,7.49,8.87,10.17,8.23,9.67,11.61,10.32,11.08,12.43,
2065-01-01,45.51207798316137,-73.67134419545124,7.83,8.98,10.77,8.46,9.68,11.18,10.21,11.50,12.33,
2066-01-01,45.51207798316137,-73.67134419545124,7.34,8.99,9.70,8.08,9.46,10.95,9.27,11.02,12.50,
2067-01-01,45.51207798316137,-73.67134419545124,7.32,8.91,10.53,8.16,9.84,11.81,9.77,11.01,12.42,
2068-01-01,45.51207798316137,-73.67134419545124,7.96,8.91,10.25,8.47,9.66,11.14,10.19,10.93,12.83,
2069-01-01,45.51207798316137,-73.67134419545124,7.86,8.84,10.19,8.39,9.59,11.52,9.99,11.52,12.48,
2070-01-01,45.51207798316137,-73.67134419545124,7.32,8.64,9.71,8.18,9.56,10.98,10.36,11.75,13.36,
2071-01-01,45.51207798316137,-73.67134419545124,7.41,8.59,9.93,8.98,9.97,11.74,10.30,11.35,13.03,
2072-01-01,45.51207798316137,-73.67134419545124,7.69,8.62,9.91,8.52,9.46,10.90,10.17,11.53,12.95,
2073-01-01,45.51207798316137,-73.67134419545124,7.61,8.83,9.96,8.53,10.21,11.48,10.77,11.81,13.66,
2074-01-01,45.51207798316137,-73.67134419545124,7.30,8.59,10.43,8.41,9.50,11.48,10.28,11.70,13.64,
2075-01-01,45.51207798316137,-73.67134419545124,7.23,8.71,9.98,8.41,9.82,11.90,10.44,11.91,13.40,
2076-01-01,45.51207798316137,-73.67134419545124,7.71,8.47,10.35,8.61,9.80,11.36,10.32,11.70,13.88,
2077-01-01,45.51207798316137,-73.67134419545124,7.49,8.84,10.00,8.56,10.21,11.29,10.90,11.74,13.69,
2078-01-01,45.51207798316137,-73.67134419545124,8.07,8.56,10.00,8.00,10.02,11.68,10.79,12.02,13.90,
2079-01-01,45.51207798316137,-73.67134419545124,7.63,8.83,9.81,8.79,9.57,11.48,11.06,12.12,13.78,
2080-01-01,45.51207798316137,-73.67134419545124,7.82,8.76,9.93,8.73,9.80,11.52,10.67,12.22,14.02,
2081-01-01,45.51207798316137,-73.67134419545124,7.23,8.67,9.68,8.84,9.65,11.24,11.17,12.21,14.17,
2082-01-01,45.51207798316137,-73.67134419545124,7.42,8.76,9.50,9.24,10.17,12.09,10.81,12.32,14.29,
2083-01-01,45.51207798316137,-73.67134419545124,7.86,8.57,9.70,9.01,10.02,12.12,10.61,12.35,13.72,
2084-01-01,45.51207798316137,-73.67134419545124,7.44,8.72,9.97,8.48,9.95,11.34,10.79,12.22,14.34,
2085-01-01,45.51207798316137,-73.67134419545124,7.64,8.58,10.18,8.78,10.21,11.55,11.35,12.54,14.48,
2086-01-01,45.51207798316137,-73.67134419545124,7.39,8.96,10.42,8.92,9.48,11.38,10.73,12.26,14.39,
2087-01-01,45.51207798316137,-73.67134419545124,7.50,8.96,10.12,8.76,10.17,11.23,10.72,12.78,15.02,
2088-01-01,45.51207798316137,-73.67134419545124,8.10,9.04,10.15,8.62,9.70,11.59,11.54,12.81,14.75,
2089-01-01,45.51207798316137,-73.67134419545124,7.44,8.36,10.12,8.40,9.96,11.36,10.40,13.25,15.06,
2090-01-01,45.51207798316137,-73.67134419545124,7.42,8.46,10.11,8.53,10.29,11.82,11.21,12.96,14.71,
2091-01-01,45.51207798316137,-73.67134419545124,7.70,9.07,10.21,8.36,9.98,11.51,11.51,13.02,15.13,
2092-01-01,45.51207798316137,-73.67134419545124,7.82,8.59,9.54,8.70,10.19,11.98,11.55,13.18,15.26,
2093-01-01,45.51207798316137,-73.67134419545124,7.35,8.24,10.41,8.96,10.17,11.64,12.02,13.14,15.16,
2094-01-01,45.51207798316137,-73.67134419545124,7.19,8.60,9.97,8.33,10.05,11.95,11.61,13.12,15.50,
2095-01-01,45.51207798316137,-73.67134419545124,7.27,8.64,10.04,8.36,10.09,11.91,11.57,13.00,15.68,
2096-01-01,45.51207798316137,-73.67134419545124,7.81,8.65,9.74,9.03,9.98,11.78,11.52,13.31,15.33,
2097-01-01,45.51207798316137,-73.67134419545124,7.47,8.66,9.72,8.56,10.43,11.78,11.58,13.90,15.80,
2098-01-01,45.51207798316137,-73.67134419545124,7.72,8.57,9.86,8.83,9.99,11.71,11.70,13.55,15.67,
2099-01-01,45.51207798316137,-73.67134419545124,7.44,8.15,10.04,8.64,10.37,11.79,12.09,13.45,15.48,
